pan,annual_inc,monthly_debt,emp_length,savings,delinq_2yrs,pub_rec,has_existing_loan,existing_loan_amount,existing_loan_remaining,existing_loan_emi
ABCDE1234F,600000,5000,5,120000,0,0,1,500000,220000,8500
PQRSX5678K,450000,8000,3,50000,1,0,0,0,0,0
LMNOP4321Z,900000,12000,8,300000,0,1,1,800000,350000,14500
TESTP1111A,300000,10000,2,15000,2,2,1,250000,180000,9500
GHJKL6789Q,750000,7000,6,180000,0,0,0,0,0,0
ZXCVB2468M,520000,9500,4,60000,1,1,1,400000,160000,7800
QWERT1357P,1100000,15000,10,500000,0,0,1,1200000,420000,18500
ASDFG9753H,400000,6000,2,25000,2,0,0,0,0,0
YUIOP8642L,680000,8500,7,140000,0,1,1,600000,250000,11000
HJKLP1112N,350000,11000,1,10000,3,2,1,300000,240000,12000
BNMVC3334R,820000,9000,9,220000,0,0,0,0,0,0
PLMKO7778T,470000,7500,3,45000,1,0,1,350000,150000,7200
CVBNM2223W,980000,13000,11,350000,0,1,1,900000,380000,16500
LKJHG5556E,560000,8200,5,90000,1,0,0,0,0,0
MNBVC8889Y,250000,9500,1,12000,4,3,1,220000,170000,10500
TREWA1212U,670000,7200,6,160000,0,0,0,0,0,0
POIUY3434I,730000,8800,7,175000,0,1,1,550000,210000,9800
GFDSA5656O,390000,10500,2,30000,2,1,1,260000,200000,11500
NHYGT7878P,880000,14000,9,280000,0,0,0,0,0,0
UJMKI9090S,510000,7900,4,70000,1,0,1,380000,145000,7600
KLOPE1122D,620000,6800,5,130000,0,0,0,0,0,0
WERTY3344F,460000,9200,3,55000,1,1,1,340000,175000,8400
XCVBN5566G,970000,12500,10,320000,0,0,1,850000,310000,15200
QAZWS7788H,310000,9800,2,18000,3,2,1,240000,185000,10200
EDCRF9900J,790000,8700,8,210000,0,1,0,0,0,0
RTYUI1023A,640000,7200,6,145000,0,0,1,500000,205000,9100
FGHJK2045B,510000,9100,4,68000,1,0,0,0,0,0
VBNML3067C,870000,11800,9,260000,0,1,1,780000,330000,14900
QAZWS4089D,290000,9700,1,12000,3,2,1,210000,175000,9800
EDCRF5012E,720000,8300,7,175000,0,0,0,0,0,0
TGBNH6034F,430000,7600,3,40000,1,1,1,320000,140000,6900
YHNJM7056G,990000,14200,11,380000,0,0,1,950000,390000,17200
UJMIK8078H,360000,10100,2,22000,2,1,1,280000,210000,11200
OLPQA9091I,580000,6900,5,98000,0,0,0,0,0,0
XSWED1123J,470000,8600,4,52000,1,0,1,360000,155000,7300
CVFRT2145K,810000,12400,8,240000,0,1,1,820000,340000,15800
BGTYH3167L,330000,9400,2,18000,2,2,1,250000,195000,10100
NHYUJ4189M,760000,7900,7,195000,0,0,0,0,0,0
MKIOL5201N,540000,8800,5,75000,1,0,1,410000,165000,7900
PLMNB6223O,920000,13500,10,310000,0,1,1,890000,360000,16800
ZAQWS7245P,410000,9700,3,28000,2,1,1,290000,210000,10900
XEDCR8267Q,690000,8100,6,165000,0,0,0,0,0,0
CVTGB9289R,500000,9200,4,62000,1,0,1,390000,150000,7600
BNHYU0301S,1040000,14800,12,420000,0,0,1,1000000,430000,18100
MJUIK1323T,370000,9900,2,20000,3,2,1,270000,220000,11800
LOPKI2345U,610000,7500,5,125000,0,0,0,0,0,0
QWASX3367V,455000,8700,3,47000,1,1,1,340000,160000,7800
EDCVF4389W,845000,11900,9,255000,0,0,1,810000,345000,15400
RTGBN5401X,320000,10200,1,14000,4,2,1,230000,190000,10600
YHNUJ6423Y,735000,8400,7,182000,0,1,0,0,0,0
IKMLO7445Z,560000,9100,5,83000,1,0,1,420000,175000,8200
PLOKM8467A,980000,13900,11,360000,0,0,1,920000,385000,16900
ZAQPL9489B,390000,9800,2,26000,2,1,1,260000,205000,11000
XSWOK0501C,680000,8000,6,158000,0,0,0,0,0,0
CVBNJ1523D,525000,9300,4,69000,1,0,1,390000,155000,7600
BGTYM2545E,890000,12700,10,295000,0,1,1,870000,355000,16100
NHYTR3567F,340000,10100,2,17000,3,2,1,245000,195000,10300
MJUYE4589G,750000,8200,8,205000,0,0,0,0,0,0
LOIKU5601H,495000,8900,4,58000,1,1,1,360000,150000,7200
QAZXC6623I,930000,13600,10,325000,0,0,1,910000,370000,16600
EDCVB7645J,420000,9600,3,32000,2,1,1,300000,220000,11400
RTYHN8667K,700000,7800,6,172000,0,0,0,0,0,0
FGHJM9689L,545000,9100,5,79000,1,0,1,410000,170000,8100
VBNKI0701M,1020000,14500,12,410000,0,1,1,980000,410000,17800
QWERA1723N,365000,10000,2,21000,3,2,1,275000,225000,11900
ASDFG2745O,625000,7600,5,132000,0,0,0,0,0,0
ZXCVB3767P,480000,8500,4,54000,1,1,1,350000,145000,7000
POIUY4789Q,860000,12100,9,270000,0,0,1,840000,340000,15300
LKJHG5801R,310000,9800,1,16000,4,2,1,220000,180000,9700
MNBVC6823S,745000,8300,7,188000,0,1,0,0,0,0
TREWS7845T,570000,9000,5,87000,1,0,1,430000,180000,8300
YUIOP8867U,950000,13300,11,340000,0,0,1,900000,365000,16400
HJKLO9889V,405000,9500,3,29000,2,1,1,290000,215000,10800
BNMVC0901W,660000,7900,6,150000,0,0,0,0,0,0
PLMKO1923X,530000,9200,4,71000,1,0,1,400000,165000,7900